Sıra No;İrsaliye No;Nakliye Tarihi;Çıkış Yeri;Sevk Yeri;Birim Fiyat;Birim Fiyat %40;Motorin Baz Fiyatı;Günlük Motorin Fiyatı;Motorin Fiyat Farkı;Motorin Fiyat Farkı %;Zam / İndirim;KDV Hariç Toplam;KDV Tutarı;KDV Tevkifat;Toplam Fiyat;;;
;;1.02.2026;BAĞİÇİ;ÇİFTLİK;₺0,00;₺0,00;₺54,766;₺55,436;₺2,55;0,00%;₺0,00;₺0,00;;;;;;
;;1.02.2026;BÜYÜKYAĞCI;ÇİFTLİK;₺7.920,00;₺3.168,00;₺54,766;₺55,436;₺2,55;0,00%;₺0,00;₺7.920,00;;;;;;
;;1.02.2026;GÜZELCEKALE;ÇİFTLİK;₺5.445,00;₺2.178,00;₺54,766;₺55,436;₺2,55;0,00%;₺0,00;₺5.445,00;;;;;;
;;1.02.2026;BEYPAZARI;ÇİFTLİK;₺0,00;₺0,00;₺54,766;₺55,436;₺2,55;0,00%;₺0,00;₺0,00;;;;;;
1;SEI2026000000369;2.02.2026;BÜYÜKYAĞCI;ÇİFTLİK;₺7.920,00;₺3.168,00;₺54,766;₺57,388;₺2,62;4,79%;₺0,00;₺7.920,00;₺1.584,00;₺316,80;₺9.187,20;;;
2;SEI2026000000362;2.02.2026;BÜYÜKYAĞCI;ÇİFTLİK;₺7.920,00;₺3.168,00;₺54,766;₺57,388;₺2,62;4,79%;₺0,00;₺7.920,00;₺1.584,00;₺316,80;₺9.187,20;;;
3;SEI2026000000376;3.02.2026;BÜYÜKYAĞCI;ÇİFTLİK;₺7.920,00;₺3.168,00;₺54,766;₺57,320;₺2,55;4,66%;₺0,00;₺7.920,00;₺1.584,00;₺316,80;₺9.187,20;;;
4;SEI2026000000382;3.02.2026;GÜZELCEKALE;ÇİFTLİK;₺5.445,00;₺2.178,00;₺54,766;₺57,320;₺2,55;4,66%;₺0,00;₺5.445,00;₺1.089,00;₺217,80;₺6.316,20;;;
5;SEI2026000000387;3.02.2026;BÜYÜKYAĞCI;ÇİFTLİK;₺7.920,00;₺3.168,00;₺54,766;₺57,320;₺2,55;4,66%;₺0,00;₺7.920,00;₺1.584,00;₺316,80;₺9.187,20;;;
6;SEI2026000000377;3.02.2026;BÜYÜKYAĞCI;ÇİFTLİK;₺7.920,00;₺3.168,00;₺54,766;₺57,320;₺2,55;4,66%;₺0,00;₺7.920,00;₺1.584,00;₺316,80;₺9.187,20;;;
7;SEI2026000000393;4.02.2026;BÜYÜKYAĞCI;ÇİFTLİK;₺7.920,00;₺3.168,00;₺54,766;₺57,663;₺2,90;5,29%;₺0,00;₺7.920,00;₺1.584,00;₺316,80;₺9.187,20;;;
8;SEI2026000000396;4.02.2026;GÜZELCEKALE;ÇİFTLİK;₺5.445,00;₺2.178,00;₺54,766;₺57,663;₺2,90;5,29%;₺0,00;₺5.445,00;₺1.089,00;₺217,80;₺6.316,20;;;
9;SEI2026000000402;4.02.2026;BÜYÜKYAĞCI;ÇİFTLİK;₺7.920,00;₺3.168,00;₺54,766;₺57,663;₺2,90;5,29%;₺0,00;₺7.920,00;₺1.584,00;₺316,80;₺9.187,20;;;
10;SEI2026000000406;4.02.2026;BÜYÜKYAĞCI;ÇİFTLİK;₺7.920,00;₺3.168,00;₺54,766;₺57,663;₺2,90;5,29%;₺0,00;₺7.920,00;₺1.584,00;₺316,80;₺9.187,20;;;
11;SEI2026000000422;5.02.2026;BÜYÜKYAĞCI;ÇİFTLİK;₺7.920,00;₺3.168,00;₺54,766;₺57,663;₺2,90;5,29%;₺0,00;₺7.920,00;₺1.584,00;₺316,80;₺9.187,20;;;
12;SEI2026000000413;5.02.2026;GÜZELCEKALE;ÇİFTLİK;₺5.445,00;₺2.178,00;₺54,766;₺57,663;₺2,90;5,29%;₺0,00;₺5.445,00;₺1.089,00;₺217,80;₺6.316,20;;;
13;SEI2026000000416;5.02.2026;BÜYÜKYAĞCI;ÇİFTLİK;₺7.920,00;₺3.168,00;₺54,766;₺57,663;₺2,90;5,29%;₺0,00;₺7.920,00;₺1.584,00;₺316,80;₺9.187,20;;;
14;SEI2026000000423;5.02.2026;BÜYÜKYAĞCI;ÇİFTLİK;₺7.920,00;₺3.168,00;₺54,766;₺57,663;₺2,90;5,29%;₺0,00;₺7.920,00;₺1.584,00;₺316,80;₺9.187,20;;;
15;SEI2026000000426;6.02.2026;BÜYÜKYAĞCI;ÇİFTLİK;₺7.920,00;₺3.168,00;₺54,766;₺57,663;₺2,90;5,29%;₺0,00;₺7.920,00;₺1.584,00;₺316,80;₺9.187,20;;;
16;SEI2026000000435;6.02.2026;BÜYÜKYAĞCI;ÇİFTLİK;₺7.920,00;₺3.168,00;₺54,766;₺57,663;₺2,90;5,29%;₺0,00;₺7.920,00;₺1.584,00;₺316,80;₺9.187,20;;;
17;SEI2026000000430;6.02.2026;BÜYÜKYAĞCI;ÇİFTLİK;₺7.920,00;₺3.168,00;₺54,766;₺57,663;₺2,90;5,29%;₺0,00;₺7.920,00;₺1.584,00;₺316,80;₺9.187,20;;;
18;SEI2026000000447;7.02.2026;BÜYÜKYAĞCI;ÇİFTLİK;₺7.920,00;₺3.168,00;₺54,766;₺57,673;₺2,91;5,31%;₺0,00;₺7.920,00;₺1.584,00;₺316,80;₺9.187,20;;;
19;SEI2026000000446;7.02.2026;GÜZELCEKALE;ÇİFTLİK;₺5.445,00;₺2.178,00;₺54,766;₺57,673;₺2,91;5,31%;₺0,00;₺5.445,00;₺1.089,00;₺217,80;₺6.316,20;;;
20;SEI2026000000442;7.02.2026;BÜYÜKYAĞCI;ÇİFTLİK;₺7.920,00;₺3.168,00;₺54,766;₺57,673;₺2,91;5,31%;₺0,00;₺7.920,00;₺1.584,00;₺316,80;₺9.187,20;;;
21;SEI2026000000443;7.02.2026;BÜYÜKYAĞCI;ÇİFTLİK;₺7.920,00;₺3.168,00;₺54,766;₺57,673;₺2,91;5,31%;₺0,00;₺7.920,00;₺1.584,00;₺316,80;₺9.187,20;;;
22;SEI2026000000453;9.02.2026;BÜYÜKYAĞCI;ÇİFTLİK;₺7.920,00;₺3.168,00;₺54,766;₺57,673;₺2,91;5,31%;₺0,00;₺7.920,00;₺1.584,00;₺316,80;₺9.187,20;;;
23;SEI2026000000452;9.02.2026;BÜYÜKYAĞCI;ÇİFTLİK;₺7.920,00;₺3.168,00;₺54,766;₺57,673;₺2,91;5,31%;₺0,00;₺7.920,00;₺1.584,00;₺316,80;₺9.187,20;;;
24;SEI2026000000461;10.02.2026;BÜYÜKYAĞCI;ÇİFTLİK;₺7.920,00;₺3.168,00;₺54,766;₺57,683;₺2,92;5,33%;₺0,00;₺7.920,00;₺1.584,00;₺316,80;₺9.187,20;;;
25;SEI2026000000462;10.02.2026;BÜYÜKYAĞCI;ÇİFTLİK;₺7.920,00;₺3.168,00;₺54,766;₺57,683;₺2,92;5,33%;₺0,00;₺7.920,00;₺1.584,00;₺316,80;₺9.187,20;;;
26;SEI2026000000465;10.02.2026;BÜYÜKYAĞCI;ÇİFTLİK;₺7.920,00;₺3.168,00;₺54,766;₺57,683;₺2,92;5,33%;₺0,00;₺7.920,00;₺1.584,00;₺316,80;₺9.187,20;;;
27;SEI2026000000469;10.02.2026;BÜYÜKYAĞCI;ÇİFTLİK;₺7.920,00;₺3.168,00;₺54,766;₺57,683;₺2,92;5,33%;₺0,00;₺7.920,00;₺1.584,00;₺316,80;₺9.187,20;;;
28;SEI2026000000476;10.02.2026;BÜYÜKYAĞCI;ÇİFTLİK;₺7.920,00;₺3.168,00;₺54,766;₺57,683;₺2,92;5,33%;₺0,00;₺7.920,00;₺1.584,00;₺316,80;₺9.187,20;;;
29;SEI2026000000474;10.02.2026;BÜYÜKYAĞCI;ÇİFTLİK;₺7.920,00;₺3.168,00;₺54,766;₺57,683;₺2,92;5,33%;₺0,00;₺7.920,00;₺1.584,00;₺316,80;₺9.187,20;;;
30;SEI2026000000483;11.02.2026;GÜZELCEKALE;ÇİFTLİK;₺5.445,00;₺2.178,00;₺54,766;₺57,705;₺2,94;5,37%;₺0,00;₺5.445,00;₺1.089,00;₺217,80;₺6.316,20;;;
31;SEI2026000000481;11.02.2026;BÜYÜKYAĞCI;ÇİFTLİK;₺7.920,00;₺3.168,00;₺54,766;₺57,705;₺2,94;5,37%;₺0,00;₺7.920,00;₺1.584,00;₺316,80;₺9.187,20;;;
32;SEI2026000000499;12.02.2026;BÜYÜKYAĞCI;ÇİFTLİK;₺7.920,00;₺3.168,00;₺54,766;₺57,750;₺2,98;5,45%;₺0,00;₺7.920,00;₺1.584,00;₺316,80;₺9.187,20;;;
33;SEI2026000000500;12.02.2026;GÜZELCEKALE;ÇİFTLİK;₺5.445,00;₺2.178,00;₺54,766;₺57,750;₺2,98;5,45%;₺0,00;₺5.445,00;₺1.089,00;₺217,80;₺6.316,20;;;
34;SEI2026000000496;12.02.2026;BÜYÜKYAĞCI;ÇİFTLİK;₺7.920,00;₺3.168,00;₺54,766;₺57,750;₺2,98;5,45%;₺0,00;₺7.920,00;₺1.584,00;₺316,80;₺9.187,20;;;
35;SEI2026000000493;12.02.2026;BÜYÜKYAĞCI;ÇİFTLİK;₺7.920,00;₺3.168,00;₺54,766;₺57,750;₺2,98;5,45%;₺0,00;₺7.920,00;₺1.584,00;₺316,80;₺9.187,20;;;
36;SEI2026000000510;13.02.2026;BÜYÜKYAĞCI;ÇİFTLİK;₺7.920,00;₺3.168,00;₺54,766;₺57,760;₺2,99;5,47%;₺0,00;₺7.920,00;₺1.584,00;₺316,80;₺9.187,20;;;
37;SEI2026000000502;13.02.2026;BÜYÜKYAĞCI;ÇİFTLİK;₺7.920,00;₺3.168,00;₺54,766;₺57,760;₺2,99;5,47%;₺0,00;₺7.920,00;₺1.584,00;₺316,80;₺9.187,20;;;
38;SEI2026000000511;13.02.2026;BÜYÜKYAĞCI;ÇİFTLİK;₺7.920,00;₺3.168,00;₺54,766;₺57,760;₺2,99;5,47%;₺0,00;₺7.920,00;₺1.584,00;₺316,80;₺9.187,20;;;
39;SEI2026000000517;14.02.2026;BÜYÜKYAĞCI;ÇİFTLİK;₺7.920,00;₺3.168,00;₺54,766;₺57,770;₺3,00;5,49%;₺0,00;₺7.920,00;₺1.584,00;₺316,80;₺9.187,20;;;
40;SEI2026000000518;14.02.2026;GÜZELCEKALE;ÇİFTLİK;₺5.445,00;₺2.178,00;₺54,766;₺57,770;₺3,00;5,49%;₺0,00;₺5.445,00;₺1.089,00;₺217,80;₺6.316,20;;;
41;SEI2026000000524;14.02.2026;BÜYÜKYAĞCI;ÇİFTLİK;₺7.920,00;₺3.168,00;₺54,766;₺57,770;₺3,00;5,49%;₺0,00;₺7.920,00;₺1.584,00;₺316,80;₺9.187,20;;;
42;SEI2026000000531;16.02.2026;BÜYÜKYAĞCI;ÇİFTLİK;₺7.920,00;₺3.168,00;₺54,766;₺57,770;₺3,00;5,49%;₺0,00;₺7.920,00;₺1.584,00;₺316,80;₺9.187,20;;;
43;SEI2026000000534;16.02.2026;GÜZELCEKALE;ÇİFTLİK;₺5.445,00;₺2.178,00;₺54,766;₺57,770;₺3,00;5,49%;₺0,00;₺5.445,00;₺1.089,00;₺217,80;₺6.316,20;;;
44;SEI2026000000537;16.02.2026;BÜYÜKYAĞCI;ÇİFTLİK;₺7.920,00;₺3.168,00;₺54,766;₺57,770;₺3,00;5,49%;₺0,00;₺7.920,00;₺1.584,00;₺316,80;₺9.187,20;;;
45;SEI2026000000543;17.02.2026;BÜYÜKYAĞCI;ÇİFTLİK;₺7.920,00;₺3.168,00;₺54,766;₺57,788;₺3,02;5,52%;₺0,00;₺7.920,00;₺1.584,00;₺316,80;₺9.187,20;;;
46;SEI2026000000542;17.02.2026;BÜYÜKYAĞCI;ÇİFTLİK;₺7.920,00;₺3.168,00;₺54,766;₺57,788;₺3,02;5,52%;₺0,00;₺7.920,00;₺1.584,00;₺316,80;₺9.187,20;;;
47;SEI2026000000551;17.02.2026;BÜYÜKYAĞCI;ÇİFTLİK;₺7.920,00;₺3.168,00;₺54,766;₺57,788;₺3,02;5,52%;₺0,00;₺7.920,00;₺1.584,00;₺316,80;₺9.187,20;;;
48;SEI2026000000562;18.02.2026;BÜYÜKYAĞCI;ÇİFTLİK;₺7.920,00;₺3.168,00;₺54,766;₺57,798;₺3,03;5,54%;₺0,00;₺7.920,00;₺1.584,00;₺316,80;₺9.187,20;;;
49;SEI2026000000558;18.02.2026;BÜYÜKYAĞCI;ÇİFTLİK;₺7.920,00;₺3.168,00;₺54,766;₺57,798;₺3,03;5,54%;₺0,00;₺7.920,00;₺1.584,00;₺316,80;₺9.187,20;;;
50;SEI2026000000573;19.02.2026;GÜZELCEKALE;ÇİFTLİK;₺5.445,00;₺2.178,00;₺54,766;₺57,807;₺3,04;5,55%;₺0,00;₺5.445,00;₺1.089,00;₺217,80;₺6.316,20;;;
51;SEI2026000000574;19.02.2026;BÜYÜKYAĞCI;ÇİFTLİK;₺7.920,00;₺3.168,00;₺54,766;₺57,807;₺3,04;5,55%;₺0,00;₺7.920,00;₺1.584,00;₺316,80;₺9.187,20;;;
52;SEI2026000000579;19.02.2026;BÜYÜKYAĞCI;ÇİFTLİK;₺7.920,00;₺3.168,00;₺54,766;₺57,807;₺3,04;5,55%;₺0,00;₺7.920,00;₺1.584,00;₺316,80;₺9.187,20;;;
53;SEI2026000000572;19.02.2026;BÜYÜKYAĞCI;ÇİFTLİK;₺7.920,00;₺3.168,00;₺54,766;₺57,807;₺3,04;5,55%;₺0,00;₺7.920,00;₺1.584,00;₺316,80;₺9.187,20;;;
54;SEI2026000000593;20.02.2026;GÜZELCEKALE;ÇİFTLİK;₺5.445,00;₺2.178,00;₺54,766;₺57,831;₺3,07;5,60%;₺0,00;₺5.445,00;₺1.089,00;₺217,80;₺6.316,20;;;
55;SEI2026000000598;20.02.2026;BÜYÜKYAĞCI;ÇİFTLİK;₺7.920,00;₺3.168,00;₺54,766;₺57,831;₺3,07;5,60%;₺0,00;₺7.920,00;₺1.584,00;₺316,80;₺9.187,20;;;
56;SEI2026000000595;20.02.2026;BÜYÜKYAĞCI;ÇİFTLİK;₺7.920,00;₺3.168,00;₺54,766;₺57,831;₺3,07;5,60%;₺0,00;₺7.920,00;₺1.584,00;₺316,80;₺9.187,20;;;
57;SEI2026000000589;20.02.2026;BÜYÜKYAĞCI;ÇİFTLİK;₺7.920,00;₺3.168,00;₺54,766;₺57,831;₺3,07;5,60%;₺0,00;₺7.920,00;₺1.584,00;₺316,80;₺9.187,20;;;
58;SEI2026000000609;21.02.2026;BÜYÜKYAĞCI;ÇİFTLİK;₺7.920,00;₺3.168,00;₺54,766;₺57,831;₺3,07;5,60%;₺0,00;₺7.920,00;₺1.584,00;₺316,80;₺9.187,20;;;
59;SEI2026000000603;21.02.2026;BÜYÜKYAĞCI;ÇİFTLİK;₺7.920,00;₺3.168,00;₺54,766;₺57,831;₺3,07;5,60%;₺0,00;₺7.920,00;₺1.584,00;₺316,80;₺9.187,20;;;
60;SEI2026000000605;21.02.2026;BÜYÜKYAĞCI;ÇİFTLİK;₺7.920,00;₺3.168,00;₺54,766;₺57,831;₺3,07;5,60%;₺0,00;₺7.920,00;₺1.584,00;₺316,80;₺9.187,20;;;
61;SEI2026000000624;23.02.2026;GÜZELCEKALE;ÇİFTLİK;₺5.445,00;₺2.178,00;₺54,766;₺57,831;₺3,07;5,60%;₺0,00;₺5.445,00;₺1.089,00;₺217,80;₺6.316,20;;;
62;SEI2026000000616;23.02.2026;BÜYÜKYAĞCI;ÇİFTLİK;₺7.920,00;₺3.168,00;₺54,766;₺57,831;₺3,07;5,60%;₺0,00;₺7.920,00;₺1.584,00;₺316,80;₺9.187,20;;;
63;SEI2026000000615;23.02.2026;BÜYÜKYAĞCI;ÇİFTLİK;₺7.920,00;₺3.168,00;₺54,766;₺57,831;₺3,07;5,60%;₺0,00;₺7.920,00;₺1.584,00;₺316,80;₺9.187,20;;;
64;SEI2026000000622;23.02.2026;BÜYÜKYAĞCI;ÇİFTLİK;₺7.920,00;₺3.168,00;₺54,766;₺57,831;₺3,07;5,60%;₺0,00;₺7.920,00;₺1.584,00;₺316,80;₺9.187,20;;;
;;24.02.2026;BAĞİÇİ;ÇİFTLİK;₺0,00;₺0,00;₺54,766;₺55,436;₺5,53;0,00%;₺0,00;₺0,00;;;;;;
;;24.02.2026;BÜYÜKYAĞCI;ÇİFTLİK;₺7.920,00;₺3.168,00;₺54,766;₺55,436;₺5,53;10,10%;₺319,97;₺8.239,97;;;;;;
;;24.02.2026;GÜZELCEKALE;ÇİFTLİK;₺5.445,00;₺2.178,00;₺54,766;₺55,436;₺5,53;10,10%;₺219,98;₺5.664,98;;;;;;
;;24.02.2026;BEYPAZARI;ÇİFTLİK;₺0,00;₺0,00;₺54,766;₺55,436;₺5,53;0,00%;₺0,00;₺0,00;;;;;;
65;SEI2026000000629;24.02.2026;BÜYÜKYAĞCI;ÇİFTLİK;₺8.239,97;₺3.295,99;₺54,766;₺60,300;₺5,53;10,10%;₺0,00;₺8.239,97;₺1.647,99;₺329,60;₺9.558,37;;;
66;SEI2026000000640;24.02.2026;BÜYÜKYAĞCI;ÇİFTLİK;₺8.239,97;₺3.295,99;₺54,766;₺60,300;₺5,53;10,10%;₺0,00;₺8.239,97;₺1.647,99;₺329,60;₺9.558,37;;;
67;SEI2026000000637;24.02.2026;BÜYÜKYAĞCI;ÇİFTLİK;₺8.239,97;₺3.295,99;₺54,766;₺60,300;₺5,53;10,10%;₺0,00;₺8.239,97;₺1.647,99;₺329,60;₺9.558,37;;;
68;SEI2026000000644;25.02.2026;GÜZELCEKALE;ÇİFTLİK;₺5.664,98;₺2.265,99;₺60,300;₺60,307;₺0,01;0,01%;₺0,00;₺5.664,98;₺1.133,00;₺226,60;₺6.571,38;;;
69;SEI2026000000651;25.02.2026;BÜYÜKYAĞCI;ÇİFTLİK;₺8.239,97;₺3.295,99;₺60,300;₺60,307;₺0,01;0,01%;₺0,00;₺8.239,97;₺1.647,99;₺329,60;₺9.558,37;;;
70;SEI2026000000646;25.02.2026;BÜYÜKYAĞCI;ÇİFTLİK;₺8.239,97;₺3.295,99;₺60,300;₺60,307;₺0,01;0,01%;₺0,00;₺8.239,97;₺1.647,99;₺329,60;₺9.558,37;;;
71;SEI2026000000645;25.02.2026;BÜYÜKYAĞCI;ÇİFTLİK;₺8.239,97;₺3.295,99;₺60,300;₺60,307;₺0,01;0,01%;₺0,00;₺8.239,97;₺1.647,99;₺329,60;₺9.558,37;;;
72;SEI2026000000658;26.02.2026;BÜYÜKYAĞCI;ÇİFTLİK;₺8.239,97;₺3.295,99;₺60,300;₺60,322;₺0,02;0,04%;₺0,00;₺8.239,97;₺1.647,99;₺329,60;₺9.558,37;;;
73;SEI2026000000654;26.02.2026;BÜYÜKYAĞCI;ÇİFTLİK;₺8.239,97;₺3.295,99;₺60,300;₺60,322;₺0,02;0,04%;₺0,00;₺8.239,97;₺1.647,99;₺329,60;₺9.558,37;;;
74;SEI2026000000670;27.02.2026;BÜYÜKYAĞCI;ÇİFTLİK;₺8.239,97;₺3.295,99;₺60,300;₺60,338;₺0,04;0,06%;₺0,00;₺8.239,97;₺1.647,99;₺329,60;₺9.558,37;;;
75;SEI2026000000675;27.02.2026;BÜYÜKYAĞCI;ÇİFTLİK;₺8.239,97;₺3.295,99;₺60,300;₺60,338;₺0,04;0,06%;₺0,00;₺8.239,97;₺1.647,99;₺329,60;₺9.558,37;;;
76;SEI2026000000669;27.02.2026;BÜYÜKYAĞCI;ÇİFTLİK;₺8.239,97;₺3.295,99;₺60,300;₺60,338;₺0,04;0,06%;₺0,00;₺8.239,97;₺1.647,99;₺329,60;₺9.558,37;;;
77;SEI2026000000680;28.02.2026;GÜZELCEKALE;ÇİFTLİK;₺5.664,98;₺2.265,99;₺60,300;₺60,351;₺0,05;0,08%;₺0,00;₺5.664,98;₺1.133,00;₺226,60;₺6.571,38;;;
78;SEI2026000000685;28.02.2026;BÜYÜKYAĞCI;ÇİFTLİK;₺8.239,97;₺3.295,99;₺60,300;₺60,351;₺0,05;0,08%;₺0,00;₺8.239,97;₺1.647,99;₺329,60;₺9.558,37;;;
79;SEI2026000000684;28.02.2026;BÜYÜKYAĞCI;ÇİFTLİK;₺8.239,97;₺3.295,99;₺60,300;₺60,351;₺0,05;0,08%;₺0,00;₺8.239,97;₺1.647,99;₺329,60;₺9.558,37;;;
;;;;;;;;;;;;;;;;;;
;;;;;;;;;;;;₺598.104,57;₺119.620,91;₺23.924,18;₺693.801,30;;;
;;;;;;;;;;;BÜYÜKYAĞCI;₺526.879,61;;;₺611.180,35;;;
;;;;;;;;;;;GÜZELCEKALE;₺71.224,96;;;₺82.620,95;;;
